Image URL,Pixel dimensions,File size (KB),Web page locations
"/assets/6864d28d6d224cfc617cfc39_0b76b173af6046e3baff3b231d198b2e_arrow-right-icon.svg","24 x 24 (SVG)","0.3","Not directly referenced in generated HTML"
"/assets/68695011fff14c231d733695_18e4deb9ce7150d6021fead5b7f630a7_arrow-bottom-icon.svg","24 x 24 (SVG)","0.3","Not directly referenced in generated HTML"
"/assets/68761dfb6d400a6cc38ce421_blog-post-5.webp","3700 x 1900","248.8","Not directly referenced in generated HTML"
"/assets/68761ea1da6c070f5de9f9b1_blog-post-3.webp","3700 x 1900","162.4","Not directly referenced in generated HTML"
"/assets/68761ef1d4364172cee2ec96_blog-post-2.webp","3700 x 1900","228.8","Not directly referenced in generated HTML"
"/assets/6877841c106d359778209e34_thomas-reid.webp","2000 x 2000","81.8","Not directly referenced in generated HTML"
"/assets/6877841d106d359778209e56_laura-bennett.webp","2000 x 2000","157.5","Not directly referenced in generated HTML"
"/assets/6877841d342c1be1a06717d1_emily-sanders.webp","2000 x 2000","466.0","Not directly referenced in generated HTML"
"/assets/6877841d5571d30752f74441_daniel-harper.webp","2000 x 2000","276.3","Not directly referenced in generated HTML"
"/assets/6877841d6776098fc68a9be8_james-carter.webp","2000 x 2000","176.1","Not directly referenced in generated HTML"
"/assets/aurion.svg","70 x 40 (SVG)","0.9","Not directly referenced in generated HTML"
"/assets/blog-post-4.webp","3700 x 1900","110.0","Not directly referenced in generated HTML"
"/assets/blog-post-5.webp","3700 x 1900","248.8","Not directly referenced in generated HTML"
"/assets/blog-post-6.webp","3700 x 1900","225.3","Not directly referenced in generated HTML"
"/assets/brands/aurion.svg","70 x 40 (SVG)","0.9","/ | /home-original/"
"/assets/brands/velox.svg","49 x 40 (SVG)","0.9","/ | /home-original/"
"/assets/calendar-icon.svg","24 x 24 (SVG)","0.5","Not directly referenced in generated HTML"
"/assets/car-icon.svg","24 x 24 (SVG)","0.5","Not directly referenced in generated HTML"
"/assets/dollar-icon.svg","24 x 24 (SVG)","0.3","Not directly referenced in generated HTML"
"/assets/glide-vortex.webp","3700 x 1900","189.4","Not directly referenced in generated HTML"
"/assets/home-hero-mobile.webp","2640 x 2160","267.0","/ | /home-original/"
"/assets/home-hero.webp","3840 x 2160","296.2","/ | /home-original/"
"/assets/home/benefits/calendar.svg","24 x 24 (SVG)","0.5","/ | /home-original/"
"/assets/home/benefits/price.svg","24 x 24 (SVG)","0.3","/ | /home-original/"
"/assets/home/benefits/service.svg","24 x 24 (SVG)","0.4","/ | /home-original/"
"/assets/home/benefits/vehicle.svg","24 x 24 (SVG)","0.5","/ | /home-original/"
"/assets/home/journal/maintenance-guide.webp","3700 x 1900","162.4","/ | /home-original/"
"/assets/home/journal/racing-event.webp","3700 x 1900","228.8","/ | /home-original/"
"/assets/home/journal/showroom-guide.webp","3700 x 1900","248.8","/ | /home-original/"
"/assets/home/models/glide-vortex.webp","3700 x 1900","189.4","/ | /home-original/"
"/assets/home/models/rapt-horizon.webp","3700 x 1900","319.7","/ | /home-original/"
"/assets/home/models/velocit-crest.webp","3700 x 1900","164.8","/ | /home-original/"
"/assets/home/models/xplorer-glide.webp","3700 x 1900","87.4","/ | /home-original/"
"/assets/home/steps/enquiry.svg","24 x 24 (SVG)","0.3","/ | /home-original/"
"/assets/home/steps/key.svg","24 x 24 (SVG)","0.5","/ | /home-original/"
"/assets/home/steps/search.svg","24 x 24 (SVG)","0.3","/ | /home-original/"
"/assets/home/steps/vehicle.svg","24 x 24 (SVG)","0.5","/ | /home-original/"
"/assets/home/testimonials/daniel-harper.webp","2000 x 2000","276.3","/ | /home-original/"
"/assets/home/testimonials/emily-sanders.webp","2000 x 2000","466.0","/ | /home-original/"
"/assets/home/testimonials/james-carter.webp","2000 x 2000","176.1","/ | /home-original/"
"/assets/home/testimonials/laura-bennett.webp","2000 x 2000","157.5","/ | /home-original/"
"/assets/home/testimonials/michael-brooks.webp","2000 x 2000","40.1","/ | /home-original/"
"/assets/home/testimonials/thomas-reid.webp","2000 x 2000","81.8","/ | /home-original/"
"/assets/key-icon.svg","24 x 24 (SVG)","0.5","Not directly referenced in generated HTML"
"/assets/logo.svg","350 x 138 (SVG)","3.8","/ | /360deg-camera.html/ | /404.html | /about.html/ | /aurion.html/ | /blog-2.html/ | /blog.html/ | /bluetooth.html/ | /built-in-gps.html/ | /cest-tunder.html/ | /changelog.html/ | /contact.html/ | /coupe.html/ | /events.html/ | /exclusive-rydex-car-show-in-dubai-unveiled.html/ | /glide-vortex.html/ | /guide-to-choose-the-right-car-in-a-showroom.html/ | /guides-for-maintaining-your-rental-car-perfectly.html/ | /guides.html/ | /home-original/ | /leather-seats.html/ | /led-headlights.html/ | /licenses.html/ | /luxora.html/ | /models-2.html/ | /models.html/ | /models/ | /rapt-horizon.html/ | /reviews.html/ | /rydex-hosts-annual-auto-racing-grand-event.html/ | /search/ | /sedan.html/ | /senity-pulse.html/ | /sound-system.html/ | /style-guide.html/ | /sumit-senity.html/ | /sunroof-6rm2o-xlnu2.html/ | /suv.html/ | /the-best-sedan-models-that-fit-road-trips.html/ | /top-luxury-cars-to-rent-this-summer-season.html/ | /ultimate-guide-to-choosing-coupe-rentals.html/ | /velocit-crest.html/ | /velox.html/ | /xplorer-glide.html/"
"/assets/mail-icon.svg","24 x 24 (SVG)","0.3","Not directly referenced in generated HTML"
"/assets/rapt-horizon.webp","3700 x 1900","319.7","Not directly referenced in generated HTML"
"/assets/search-icon.svg","24 x 24 (SVG)","0.3","Not directly referenced in generated HTML"
"/assets/shared/brand-logo.svg","350 x 138 (SVG)","3.8","/ | /home-original/"
"/assets/shared/icons/arrow-down.svg","24 x 24 (SVG)","0.3","/ | /home-original/"
"/assets/shared/icons/arrow-right-alternate.svg","24 x 24 (SVG)","0.3","/ | /home-original/"
"/assets/shared/icons/arrow-right.svg","24 x 24 (SVG)","0.3","/ | /home-original/"
"/assets/velocity-crest.webp","3700 x 1900","164.8","Not directly referenced in generated HTML"
"/assets/velox.svg","49 x 40 (SVG)","0.9","Not directly referenced in generated HTML"
"/assets/wrench-icon.svg","24 x 24 (SVG)","0.4","Not directly referenced in generated HTML"
"/assets/xplorer-glide.webp","3700 x 1900","87.4","Not directly referenced in generated HTML"
"/static/image/6863c31c858fd885f509661a_ff0b876f91a11c59842f17cb785c89af_search-icon.svg","24 x 24 (SVG)","0.3","Not directly referenced in generated HTML"
"/static/image/6886135e186bbdce6c78c1d8_location-icon.svg","24 x 24 (SVG)","0.4","Not directly referenced in generated HTML"
"/static/image/68930c5b674559eba8718e04_e9ee6012e4fd1a5708ca698df18131a6_search-icon-3.svg","28 x 28 (SVG)","0.5","Not directly referenced in generated HTML"
"/static/picture/6863a7d749380244400cadf0_ec84ea29b2cc7723b4b9b2449bd3b59c_logo.svg","350 x 138 (SVG)","3.8","/360deg-camera.html/ | /about.html/ | /aurion.html/ | /blog-2.html/ | /blog.html/ | /bluetooth.html/ | /built-in-gps.html/ | /cest-tunder.html/ | /changelog.html/ | /contact.html/ | /coupe.html/ | /events.html/ | /exclusive-rydex-car-show-in-dubai-unveiled.html/ | /glide-vortex.html/ | /guide-to-choose-the-right-car-in-a-showroom.html/ | /guides-for-maintaining-your-rental-car-perfectly.html/ | /guides.html/ | /leather-seats.html/ | /led-headlights.html/ | /licenses.html/ | /luxora.html/ | /models-2.html/ | /models.html/ | /models/ | /rapt-horizon.html/ | /reviews.html/ | /rydex-hosts-annual-auto-racing-grand-event.html/ | /search/ | /sedan.html/ | /senity-pulse.html/ | /sound-system.html/ | /style-guide.html/ | /sumit-senity.html/ | /sunroof-6rm2o-xlnu2.html/ | /suv.html/ | /the-best-sedan-models-that-fit-road-trips.html/ | /top-luxury-cars-to-rent-this-summer-season.html/ | /ultimate-guide-to-choosing-coupe-rentals.html/ | /velocit-crest.html/ | /velox.html/ | /xplorer-glide.html/"
"/static/picture/6864d28d6d224cfc617cfc39_0b76b173af6046e3baff3b231d198b2e_arrow-right-icon.svg","24 x 24 (SVG)","0.3","/360deg-camera.html/ | /about.html/ | /aurion.html/ | /blog-2.html/ | /blog.html/ | /bluetooth.html/ | /built-in-gps.html/ | /cest-tunder.html/ | /changelog.html/ | /contact.html/ | /coupe.html/ | /events.html/ | /exclusive-rydex-car-show-in-dubai-unveiled.html/ | /glide-vortex.html/ | /guide-to-choose-the-right-car-in-a-showroom.html/ | /guides-for-maintaining-your-rental-car-perfectly.html/ | /guides.html/ | /leather-seats.html/ | /led-headlights.html/ | /licenses.html/ | /luxora.html/ | /models-2.html/ | /models.html/ | /models/ | /rapt-horizon.html/ | /reviews.html/ | /rydex-hosts-annual-auto-racing-grand-event.html/ | /search/ | /sedan.html/ | /senity-pulse.html/ | /sound-system.html/ | /style-guide.html/ | /sumit-senity.html/ | /sunroof-6rm2o-xlnu2.html/ | /suv.html/ | /the-best-sedan-models-that-fit-road-trips.html/ | /top-luxury-cars-to-rent-this-summer-season.html/ | /ultimate-guide-to-choosing-coupe-rentals.html/ | /velocit-crest.html/ | /velox.html/ | /xplorer-glide.html/"
"/static/picture/6867580e8c3ea59bc8be0567_c37a5846c76d515300a0ec5a573c45fd_home-hero-image.webp","3840 x 2160","128.0","Not directly referenced in generated HTML"
"/static/picture/6867dee03e172481e1f00bf9_arrow-right-icon-2.svg","24 x 24 (SVG)","0.3","Not directly referenced in generated HTML"
"/static/picture/68693eff1f14ac6704da31bf_home-hero-mobile.webp","2640 x 2160","83.9","Not directly referenced in generated HTML"
"/static/picture/68695011fff14c231d733695_18e4deb9ce7150d6021fead5b7f630a7_arrow-bottom-icon.svg","24 x 24 (SVG)","0.3","/360deg-camera.html/ | /about.html/ | /aurion.html/ | /blog-2.html/ | /blog.html/ | /bluetooth.html/ | /built-in-gps.html/ | /cest-tunder.html/ | /changelog.html/ | /contact.html/ | /coupe.html/ | /events.html/ | /exclusive-rydex-car-show-in-dubai-unveiled.html/ | /glide-vortex.html/ | /guide-to-choose-the-right-car-in-a-showroom.html/ | /guides-for-maintaining-your-rental-car-perfectly.html/ | /guides.html/ | /leather-seats.html/ | /led-headlights.html/ | /licenses.html/ | /luxora.html/ | /models-2.html/ | /models.html/ | /models/ | /rapt-horizon.html/ | /reviews.html/ | /rydex-hosts-annual-auto-racing-grand-event.html/ | /search/ | /sedan.html/ | /senity-pulse.html/ | /sound-system.html/ | /style-guide.html/ | /sumit-senity.html/ | /sunroof-6rm2o-xlnu2.html/ | /suv.html/ | /the-best-sedan-models-that-fit-road-trips.html/ | /top-luxury-cars-to-rent-this-summer-season.html/ | /ultimate-guide-to-choosing-coupe-rentals.html/ | /velocit-crest.html/ | /velox.html/ | /xplorer-glide.html/"
"/static/picture/686f74e7aaf313929445701c_serenity-pulse.webp","3700 x 1900","509.5","/360deg-camera.html/ | /bluetooth.html/ | /built-in-gps.html/ | /coupe.html/ | /leather-seats.html/ | /led-headlights.html/ | /models-2.html/ | /senity-pulse.html/ | /sound-system.html/ | /sunroof-6rm2o-xlnu2.html/ | /velox.html/"
"/static/picture/686f795756461966fea95229_summit-serenity.webp","3700 x 1900","199.0","/360deg-camera.html/ | /bluetooth.html/ | /built-in-gps.html/ | /leather-seats.html/ | /led-headlights.html/ | /luxora.html/ | /models.html/ | /models/ | /sedan.html/ | /sound-system.html/ | /sumit-senity.html/"
"/static/picture/686f7a28adef37939d8c0ebc_glide-vortex.webp","3700 x 1900","189.4","/360deg-camera.html/ | /aurion.html/ | /bluetooth.html/ | /built-in-gps.html/ | /glide-vortex.html/ | /leather-seats.html/ | /led-headlights.html/ | /models.html/ | /models/ | /sound-system.html/ | /sunroof-6rm2o-xlnu2.html/ | /suv.html/"
"/static/picture/686f7b026be181cd253bea32_crest-thunder.webp","3700 x 1900","137.4","/360deg-camera.html/ | /bluetooth.html/ | /built-in-gps.html/ | /cest-tunder.html/ | /coupe.html/ | /leather-seats.html/ | /led-headlights.html/ | /luxora.html/ | /models.html/ | /models/ | /rapt-horizon.html/ | /sound-system.html/ | /velocit-crest.html/ | /xplorer-glide.html/"
"/static/picture/686f7c9896946e6903f1ce81_xplorer-glide.webp","3700 x 1900","87.4","/360deg-camera.html/ | /bluetooth.html/ | /built-in-gps.html/ | /cest-tunder.html/ | /glide-vortex.html/ | /leather-seats.html/ | /led-headlights.html/ | /models.html/ | /models/ | /rapt-horizon.html/ | /sedan.html/ | /senity-pulse.html/ | /sound-system.html/ | /sumit-senity.html/ | /sunroof-6rm2o-xlnu2.html/ | /velocit-crest.html/ | /velox.html/ | /xplorer-glide.html/"
"/static/picture/686f7df608019c9b041ab7db_velocity-crest.webp","3700 x 1900","164.8","/360deg-camera.html/ | /aurion.html/ | /bluetooth.html/ | /cest-tunder.html/ | /glide-vortex.html/ | /leather-seats.html/ | /led-headlights.html/ | /models.html/ | /models/ | /rapt-horizon.html/ | /senity-pulse.html/ | /sound-system.html/ | /sumit-senity.html/ | /sunroof-6rm2o-xlnu2.html/ | /suv.html/ | /velocit-crest.html/ | /xplorer-glide.html/"
"/static/picture/686f7eca3b34d2e8df938a4b_raptor-horizon.webp","3700 x 1900","319.7","/360deg-camera.html/ | /bluetooth.html/ | /built-in-gps.html/ | /cest-tunder.html/ | /coupe.html/ | /glide-vortex.html/ | /leather-seats.html/ | /led-headlights.html/ | /models.html/ | /models/ | /rapt-horizon.html/ | /senity-pulse.html/ | /sound-system.html/ | /sumit-senity.html/ | /sunroof-6rm2o-xlnu2.html/ | /velocit-crest.html/ | /velox.html/ | /xplorer-glide.html/"
"/static/picture/68726379e2e877525736aaf7_61057b4aa37b9c6e8b2141654222eea1_calendar-icon.svg","24 x 24 (SVG)","0.5","Not directly referenced in generated HTML"
"/static/picture/68737ff248edde385bfcbb17_dollar-sign-icon.svg","24 x 24 (SVG)","0.3","Not directly referenced in generated HTML"
"/static/picture/68737ff565d4ed3a72b4625f_car-icon.svg","24 x 24 (SVG)","0.5","Not directly referenced in generated HTML"
"/static/picture/68737ff9825fc4da4ba560f0_wrench-icon.svg","24 x 24 (SVG)","0.4","Not directly referenced in generated HTML"
"/static/picture/68761c78abbc251c0d83db34_blog-post-7.webp","3700 x 1900","346.7","/blog-2.html/ | /reviews.html/ | /the-best-sedan-models-that-fit-road-trips.html/"
"/static/picture/68761d1d3f83640d01f6400a_blog-post-6.webp","3700 x 1900","225.3","/blog.html/ | /guides.html/ | /ultimate-guide-to-choosing-coupe-rentals.html/"
"/static/picture/68761dfb6d400a6cc38ce421_blog-post-5.webp","3700 x 1900","248.8","/blog.html/ | /guide-to-choose-the-right-car-in-a-showroom.html/ | /guides.html/"
"/static/picture/68761e3aef10a8e31d6773b0_blog-post-4.webp","3700 x 1900","110.0","/blog.html/ | /exclusive-rydex-car-show-in-dubai-unveiled.html/ | /guides-for-maintaining-your-rental-car-perfectly.html/ | /reviews.html/ | /rydex-hosts-annual-auto-racing-grand-event.html/ | /top-luxury-cars-to-rent-this-summer-season.html/"
"/static/picture/68761ea1da6c070f5de9f9b1_blog-post-3.webp","3700 x 1900","162.4","/blog.html/ | /exclusive-rydex-car-show-in-dubai-unveiled.html/ | /guide-to-choose-the-right-car-in-a-showroom.html/ | /guides-for-maintaining-your-rental-car-perfectly.html/ | /guides.html/ | /rydex-hosts-annual-auto-racing-grand-event.html/ | /the-best-sedan-models-that-fit-road-trips.html/ | /top-luxury-cars-to-rent-this-summer-season.html/ | /ultimate-guide-to-choosing-coupe-rentals.html/"
"/static/picture/68761ef1d4364172cee2ec96_blog-post-2.webp","3700 x 1900","228.8","/blog.html/ | /events.html/ | /exclusive-rydex-car-show-in-dubai-unveiled.html/ | /guide-to-choose-the-right-car-in-a-showroom.html/ | /guides-for-maintaining-your-rental-car-perfectly.html/ | /rydex-hosts-annual-auto-racing-grand-event.html/ | /the-best-sedan-models-that-fit-road-trips.html/ | /top-luxury-cars-to-rent-this-summer-season.html/ | /ultimate-guide-to-choosing-coupe-rentals.html/"
"/static/picture/68761f344a42597f59f93d2d_blog-post-1.webp","3700 x 1900","215.3","/blog.html/ | /events.html/ | /exclusive-rydex-car-show-in-dubai-unveiled.html/ | /guide-to-choose-the-right-car-in-a-showroom.html/ | /guides-for-maintaining-your-rental-car-perfectly.html/ | /rydex-hosts-annual-auto-racing-grand-event.html/ | /the-best-sedan-models-that-fit-road-trips.html/ | /top-luxury-cars-to-rent-this-summer-season.html/ | /ultimate-guide-to-choosing-coupe-rentals.html/"
"/static/picture/6877841c106d359778209e34_thomas-reid.webp","2000 x 2000","81.8","Not directly referenced in generated HTML"
"/static/picture/6877841c9a6a6148ea0a7fc1_michael-brooks.webp","2000 x 2000","40.1","Not directly referenced in generated HTML"
"/static/picture/6877841d106d359778209e56_laura-bennett.webp","2000 x 2000","157.5","Not directly referenced in generated HTML"
"/static/picture/6877841d342c1be1a06717d1_emily-sanders.webp","2000 x 2000","466.0","Not directly referenced in generated HTML"
"/static/picture/6877841d5571d30752f74441_daniel-harper.webp","2000 x 2000","276.3","Not directly referenced in generated HTML"
"/static/picture/6877841d6776098fc68a9be8_james-carter.webp","2000 x 2000","176.1","Not directly referenced in generated HTML"
"/static/picture/6878012c165fbb2fa619cb69_cf22eead6b6e805aaf939c451a13e5a5_search-icon-2.svg","24 x 24 (SVG)","0.3","Not directly referenced in generated HTML"
"/static/picture/687802bc131b4ab98f75125e_5c2ac720544a962571a8a5f657a2a4cf_key-icon.svg","24 x 24 (SVG)","0.5","Not directly referenced in generated HTML"
"/static/picture/687802cb9e4dec5a31dc29e2_5bddcb5577bd6b27ee12d8ea2d5d1c15_mail-icon.svg","24 x 24 (SVG)","0.3","Not directly referenced in generated HTML"
"/static/picture/68780433062702462d7f9e91_car-icon-2.svg","24 x 24 (SVG)","0.5","Not directly referenced in generated HTML"
"/static/picture/687fc84c23d5fb7287cd0c1f_164b0bffe00e12cd2bc683d4842e6f35_about-hero-image.webp","3840 x 2160","167.5","/about.html/"
"/static/picture/687fc84c3b7cecdd65a16127_1cc45397564683110cde9e519fc47dd4_about-hero-image-mobile.webp","2640 x 2160","131.6","/about.html/"
"/static/picture/688292019565b1e744ae655b_fce264e3bb32f6e388130d0744209ea5_about-image.webp","3840 x 2160","271.7","/about.html/"
"/static/picture/6882a7fdc7e009c59ddd6657_about-image-2.webp","3840 x 2160","188.8","/about.html/"
"/static/picture/68832f5a5871c66e1e38c881_logo-2.svg","139 x 62 (SVG)","25.1","/about.html/"
"/static/picture/68832f5a7aeb612c8caf6555_logo-4.svg","54 x 41 (SVG)","3.3","/about.html/"
"/static/picture/68832f5a8c97d105430b3a14_logo-1.svg","176 x 40 (SVG)","2.5","/about.html/"
"/static/picture/68832f5ab508642c85fa8b64_logo-6.svg","119 x 30 (SVG)","3.2","/about.html/"
"/static/picture/68832f5abbc5a6904ba0ea0d_logo-3.svg","169 x 40 (SVG)","1.7","/about.html/"
"/static/picture/68832f5af9ee4b20d5a4ff4d_logo-5.svg","82 x 40 (SVG)","3.9","/about.html/"
"/static/picture/688335684e52cbd58020a75f_logo-7.svg","59 x 36 (SVG)","4.1","/about.html/"
"/static/picture/688489960a6dfb673a503813_tina-raye.webp","2000 x 2000","89.1","/about.html/ | /guide-to-choose-the-right-car-in-a-showroom.html/ | /rydex-hosts-annual-auto-racing-grand-event.html/"
"/static/picture/6884899611f8986a34bd0876_cory-nash.webp","2000 x 2000","82.3","/about.html/ | /exclusive-rydex-car-show-in-dubai-unveiled.html/ | /top-luxury-cars-to-rent-this-summer-season.html/"
"/static/picture/6884899680fdbf02fad3fefb_ryan-cole.webp","2000 x 2000","152.2","/about.html/"
"/static/picture/688489969f28b7a5ddd4a44d_evan-holt.webp","2000 x 2000","148.5","/about.html/ | /guides-for-maintaining-your-rental-car-perfectly.html/ | /ultimate-guide-to-choosing-coupe-rentals.html/"
"/static/picture/688743c1963c97bb61db2281_luxora.svg","59 x 38 (SVG)","1.1","/360deg-camera.html/ | /bluetooth.html/ | /built-in-gps.html/ | /coupe.html/ | /leather-seats.html/ | /led-headlights.html/ | /luxora.html/ | /models.html/ | /models/ | /rapt-horizon.html/ | /sedan.html/ | /sound-system.html/ | /velocit-crest.html/ | /xplorer-glide.html/"
"/static/picture/688743ce33633af956b114dd_velox.svg","49 x 40 (SVG)","0.9","/360deg-camera.html/ | /bluetooth.html/ | /built-in-gps.html/ | /cest-tunder.html/ | /coupe.html/ | /glide-vortex.html/ | /leather-seats.html/ | /led-headlights.html/ | /models-2.html/ | /models.html/ | /models/ | /rapt-horizon.html/ | /sedan.html/ | /senity-pulse.html/ | /sound-system.html/ | /sumit-senity.html/ | /sunroof-6rm2o-xlnu2.html/ | /velocit-crest.html/ | /velox.html/ | /xplorer-glide.html/"
"/static/picture/688743d9b6babee061ccd02f_aurion.svg","70 x 40 (SVG)","0.9","/360deg-camera.html/ | /aurion.html/ | /bluetooth.html/ | /built-in-gps.html/ | /cest-tunder.html/ | /glide-vortex.html/ | /leather-seats.html/ | /led-headlights.html/ | /models.html/ | /models/ | /rapt-horizon.html/ | /senity-pulse.html/ | /sound-system.html/ | /sumit-senity.html/ | /sunroof-6rm2o-xlnu2.html/ | /suv.html/ | /xplorer-glide.html/"
"/static/picture/6887617f98a5ae9ff07b5089_ace704766c463e388ab649cac1903b22_arrow-bottom-icon-2.svg","24 x 24 (SVG)","0.3","/360deg-camera.html/ | /aurion.html/ | /blog-2.html/ | /blog.html/ | /bluetooth.html/ | /built-in-gps.html/ | /coupe.html/ | /events.html/ | /guides.html/ | /leather-seats.html/ | /led-headlights.html/ | /luxora.html/ | /models-2.html/ | /models.html/ | /models/ | /reviews.html/ | /sedan.html/ | /sound-system.html/ | /sunroof-6rm2o-xlnu2.html/ | /suv.html/ | /velox.html/"
"/static/picture/6887b4e2f16c8bb12bc8b52d_d19496b54cbfe5623d8b314bea1c2ec2_arrow-left-icon.svg","24 x 24 (SVG)","0.3","/blog-2.html/ | /models-2.html/"
"/static/picture/688b52b179e932cadc6cf114_40ab0c03ac8131cb7f388369776150f8_square-check.svg","24 x 24 (SVG)","0.3","/contact.html/"
"/static/picture/688b67679f4ef91dabb51ef3_phone-icon.svg","24 x 24 (SVG)","0.4","/contact.html/"
"/static/picture/688b6c0364887f664293eb25_mail-icon-2.svg","24 x 24 (SVG)","0.3","/contact.html/"
"/static/picture/688b6c455785c8eea35fa228_message-icon.svg","24 x 24 (SVG)","0.4","/contact.html/"
"/static/picture/688c4c318351b5a1b1a71e56_additional-image-2.webp","3700 x 1900","203.8","/cest-tunder.html/ | /glide-vortex.html/ | /rapt-horizon.html/ | /senity-pulse.html/ | /sumit-senity.html/ | /velocit-crest.html/ | /xplorer-glide.html/"
"/static/picture/688c4c31b700b10106cf511c_additional-image-3.webp","3700 x 1900","173.4","/cest-tunder.html/ | /glide-vortex.html/ | /rapt-horizon.html/ | /senity-pulse.html/ | /sumit-senity.html/ | /velocit-crest.html/ | /xplorer-glide.html/"
"/static/picture/688c4c31b702b8d8b58ee8ed_additional-image-1.webp","3700 x 1900","168.6","/cest-tunder.html/ | /glide-vortex.html/ | /rapt-horizon.html/ | /senity-pulse.html/ | /sumit-senity.html/ | /velocit-crest.html/ | /xplorer-glide.html/"
"/static/picture/688cac81da5898f583b67e2c_fa00a426dc7adfbfe31ac4bcb28480f8_images-icon.svg","28 x 28 (SVG)","1.4","/cest-tunder.html/ | /glide-vortex.html/ | /rapt-horizon.html/ | /senity-pulse.html/ | /sumit-senity.html/ | /velocit-crest.html/ | /xplorer-glide.html/"
"/static/picture/688cd98285e9b50d64ca139b_fuel-icon.svg","20 x 20 (SVG)","1.1","/cest-tunder.html/ | /glide-vortex.html/ | /rapt-horizon.html/ | /senity-pulse.html/ | /sumit-senity.html/ | /velocit-crest.html/ | /xplorer-glide.html/"
"/static/picture/688cd9830fcbb0efc216b196_capacity-icon.svg","20 x 20 (SVG)","0.7","/cest-tunder.html/ | /glide-vortex.html/ | /rapt-horizon.html/ | /senity-pulse.html/ | /sumit-senity.html/ | /velocit-crest.html/ | /xplorer-glide.html/"
"/static/picture/688cd9832016ce0e1f0d572a_car-icon-3.svg","20 x 20 (SVG)","1.3","/cest-tunder.html/ | /glide-vortex.html/ | /rapt-horizon.html/ | /senity-pulse.html/ | /sumit-senity.html/ | /velocit-crest.html/ | /xplorer-glide.html/"
"/static/picture/688cd9834416b468314e30e0_calendar-icon-2.svg","20 x 20 (SVG)","1.4","/cest-tunder.html/ | /glide-vortex.html/ | /rapt-horizon.html/ | /senity-pulse.html/ | /sumit-senity.html/ | /velocit-crest.html/ | /xplorer-glide.html/"
"/static/picture/688cd9834f70b6cc365ae4e2_baggage-icon.svg","20 x 20 (SVG)","0.7","/cest-tunder.html/ | /glide-vortex.html/ | /rapt-horizon.html/ | /senity-pulse.html/ | /sumit-senity.html/ | /velocit-crest.html/ | /xplorer-glide.html/"
"/static/picture/688f2f17a7fce6edf619bde5_seat-icon.svg","256 x 256 (SVG)","0.5","/cest-tunder.html/ | /glide-vortex.html/ | /rapt-horizon.html/ | /senity-pulse.html/ | /sumit-senity.html/ | /velocit-crest.html/ | /xplorer-glide.html/"
"/static/picture/688f2f239b2a5c926cf3ccec_gps-icon.svg","256 x 256 (SVG)","0.4","/cest-tunder.html/ | /glide-vortex.html/ | /rapt-horizon.html/ | /senity-pulse.html/ | /sumit-senity.html/ | /xplorer-glide.html/"
"/static/picture/688f2f2bd641b90f257a7f59_camera-icon.svg","256 x 256 (SVG)","0.5","/cest-tunder.html/ | /glide-vortex.html/ | /rapt-horizon.html/ | /senity-pulse.html/ | /sumit-senity.html/ | /velocit-crest.html/ | /xplorer-glide.html/"
"/static/picture/688f2f34c9436b63c78784f3_bluetooth-icon.svg","256 x 256 (SVG)","0.4","/cest-tunder.html/ | /glide-vortex.html/ | /rapt-horizon.html/ | /senity-pulse.html/ | /sumit-senity.html/ | /velocit-crest.html/ | /xplorer-glide.html/"
"/static/picture/688f2f3e3e0f3cbdd794979b_roof-icon.svg","256 x 256 (SVG)","0.3","/glide-vortex.html/ | /rapt-horizon.html/ | /senity-pulse.html/ | /velocit-crest.html/ | /xplorer-glide.html/"
"/static/picture/688f2f4b07927d7cacf93595_headlights-icon.svg","256 x 256 (SVG)","0.4","/cest-tunder.html/ | /glide-vortex.html/ | /rapt-horizon.html/ | /senity-pulse.html/ | /sumit-senity.html/ | /velocit-crest.html/ | /xplorer-glide.html/"
"/static/picture/688f309a8f1be3bee9750f36_speaker-icon.svg","256 x 256 (SVG)","0.6","/cest-tunder.html/ | /glide-vortex.html/ | /rapt-horizon.html/ | /senity-pulse.html/ | /sumit-senity.html/ | /velocit-crest.html/ | /xplorer-glide.html/"
"/static/picture/68906eb54dc52340eee3f51e_cory-nash.webp","2000 x 2000","82.3","/the-best-sedan-models-that-fit-road-trips.html/"
"/static/picture/home-hero-mobile.webp","2640 x 2160","267.0","Not directly referenced in generated HTML"
"/static/picture/home-hero.webp","3840 x 2160","296.2","Not directly referenced in generated HTML"
